CO (Carbon Monoxide),Humidity,O3 (Ozone),PM10,PM25,Temperature,VOC (Volatile Organic Compounds)
0.72,73,9.5,23,29.4,28,78
0.67,68,11.6,23,25.5,29.4,72
0.6,70,13.2,24,27.8,27.8,73
0.58,73,15.2,26,19,26.9,74
0.92,67,18.7,25,31,30,75
0.59,65,21.4,25,25,30.4,78
0.75,72,29.9,36,27,29.6,76
0.82,85,18.4,41,19,29.6,79
0.54,80,4.2,32,15,30.4,80
0.54,70,8.4,23,23,29.1,81
0.68,67,10.8,27,14,28.6,78
0.73,70,10.5,26,17,30.2,79
0.77,63,9.8,25,18,31.5,76
0.87,77,8.1,19,21,28.2,74
0.82,68,8.4,30,14,31.4,78
0.68,64,8.4,39,31,33,84
0.51,69,8.6,39,17,33,81
0.83,71,8.1,46,21,31.4,82
0.56,64,12.4,50,33.6,31.6,85
0.52,64,13.1,54,20.9,31.2,86
0.56,64,12.1,39,33.5,29.8,76
0.43,61,11.6,35,11.2,31.8,79
0.62,59,12.7,43,15.79,32.6,75
0.49,65,12.2,29,13.91,32,78
0.52,65,8.5,26,17.85,33.1,76
0.43,69,8.9,38,23.09,31.8,73
0.68,72,8.1,42,24.86,30.4,75
0.46,66,9.1,39,20.46,31.8,74
0.56,64,10,36,22.47,31.8,76
0.46,61,9.9,51,20.09,31.6,78
0.4,67,9.8,23,23.17,31.6,76
0.59,60,9.9,23,16.32,32.9,75
0.53,67,8.8,24,12.29,31.6,76
0.52,69,9.2,26,12,31.4,76
0.77,67,11.7,25,16,32.2,70
0.68,65,10.3,25,12,32,78
0.63,67,13.3,36,23,33.8,74
0.43,66,9.4,41,17,35,73
0.47,68,7.8,32,18,35,72
0.67,68,9,23,11,34.2,69
0.47,63,9,27,9,33.6,67
0.43,59,7.7,26,29,33.6,65
0.56,58,9.2,25,16,34.4,67
0.48,62,10.1,19,9,33,64
0.41,69,11.6,30,5,32.8,68
0.51,68,15.7,36,5,29.8,65
0.41,67,19.2,41,8,30.6,68
0.3,57,16.2,49,14,33.7,67
0.32,63,13.8,65,11,33.6,65
0.3,65,11.7,46,26,33,67
0.26,62,9.1,37,28,34.6,64
0.23,60,8.9,34,21,34.6,67
0.21,61,9,34,20,34.2,68
0.22,57,10.4,24,23,33.2,69
0.23,52,12.2,32,21,34.4,78
0.28,50,13.4,39,20,34.8,76
0.29,59,13.4,43,23,35,75
0.3,56,12,44,22,34.2,76
0.29,54,13,41,28,35.6,78
0.26,61,12.8,55,22,32.3,79
0.26,55,12.1,20,23,35,75
0.29,58,10.2,14,19.2,33.6,76
0.26,54,10.5,29,17.7,34.6,79
0.28,51,13,36,19.6,34.2,74
0.31,57,12.1,39,15.4,33.6,69
0.24,55,13.6,40,23,34.8,68
0.27,54,12.1,42,15.6,34.8,68
0.31,60,16,32,20.4,35.2,67
0.35,63,14.2,30,17.5,34.4,65
0.37,67,11.5,40,20.4,32.2,64
0.38,62,14.1,47,25.7,33.6,67
0.4,64,13.6,32,29,32.6,68
0.4,66,12.8,24,26.8,33,70
0.44,72,14.8,30,24.5,31.5,71
0.41,67,18.4,63,18.8,32,74
0.4,66,16.8,66,15.3,34.7,75
0.48,73,12.7,57,14,33.2,74
0.42,65,10.5,53,12.7,33.2,76
0.32,69,8,57,14.9,34.4,73
0.36,63,8.4,54,14.4,34.4,74
0.39,59,9.2,43,15.1,35,76
0.31,57,9.2,56,21.6,35.8,75
0.34,63,8.9,57,42.9,35.2,76
0.29,62,10.3,73,46.9,35.2,78
0.31,56,9.1,65,44.5,35.8,74
0.33,63,9,50,46.6,34.2,75
0.3,64,9.4,64,41.8,34.6,73
0.34,63,10.3,69,47.7,33.8,74
0.3,57,11.5,61,35.4,35.4,78
0.32,62,10.8,70,45.1,35.1,76
0.32,59,10.3,54,34,34.8,76
0.33,61,10.9,63,40.1,34.6,77
0.33,56,12.6,85,46.2,34.6,76
0.39,76,8.6,62,48.6,32.2,75
0.44,65,8.9,49,45.4,36.5,78
0.32,58,8.3,73,44.7,37.3,79
0.34,63,13.9,70,47.1,36.8,78
0.41,65,10.1,62,80.7,35.8,76
0.32,57,10.4,64,111.4,36.2,76
0.36,69,11.5,43,91.3,36.5,75
0.44,69,12.6,40,59.2,35.6,78
0.44,60,11.2,33,18.3,35.8,79
0.47,64,11.2,30,23.5,36.2,76
0.41,75,11.1,32,33.4,34.8,80
0.44,74,7.1,33,33.4,34.5,81
0.38,94,5.4,29,25.7,28.4,76
0.4,75,8.7,33,11.8,33.4,75
0.39,69,8.3,35,26.1,34.8,76
0.56,67,10.1,39,16.1,34,74
0.57,70,9.8,32,16.6,34.6,75
0.52,68,9.7,31,15.3,35,74
0.48,65,9.4,34,30.1,35.4,76
0.46,70,8.5,39,27.1,35,78
0.41,76,6.2,40,17.3,34.4,79
0.34,69,6.9,37,29.7,34.4,76
0.36,62,9.6,35,32.3,34.8,78
0.56,74,9.5,31,31.4,33,75
0.52,72,10.6,41,28.6,35.8,78
0.55,68,8.1,41,34.6,35.2,74
0.5,73,8.4,27,29,34.2,79
0.56,72,10.5,39,27.3,34.9,73
0.38,57,8.6,30,12.8,35.6,78
0.47,71,8.6,27,13.6,34.2,76
0.5,73,8.4,83,16.3,35.1,78
0.54,69,10,88,18.4,34.2,75
0.53,69,11.9,34,16.4,35.1,78
0.6,65,9.6,32,20.7,35,76
0.44,62,8.5,38,26.9,35.6,79
0.47,70,9.8,39,39.7,35.7,70
0.45,66,7.4,35,52.4,34.2,77
0.52,77,7.4,33,60.5,33.4,76
0.64,82,6.3,66,60.3,33,75
0.56,82,6.7,65,67.2,33,78
0.45,82,6.5,83,67.5,29.8,80
0.43,70,8.4,34,35.7,33.8,81
0.39,66,7.2,35,34.7,33.4,80
0.71,84,6.9,38,33.1,32.3,81
0.75,70,8.3,34,39,33.2,83
0.44,67,8,34,44.4,34.2,78
0.64,67,10.1,33,44.9,34.4,76
0.71,84,6.1,29,21.2,30.4,74
0.7,77,10.3,32,33.8,32.4,79
0.8,68,11.7,32,34.1,34.8,78
0.7,69,14.5,28,34.9,34.4,72
0.59,71,25.6,37,24.4,35.2,73
0.53,72,33.9,43,22,34,74
0.56,72,48.3,42,27.3,33.6,78
0.49,67,30.6,35,22.8,34.8,79
0.46,71,35.6,38,35,33.8,76
0.41,76,44.5,64,38,31.8,75
0.48,71,67.1,37,36,31.6,78
0.63,71,70.5,33,42,33,76
0.63,64,28.4,38,36,33.6,78
0.57,73,42.5,48,46,33,76
0.4,64,53.8,45,42,34.4,75
0.52,80,86.6,38,43,32.8,74
0.65,75,73.2,47,35,33,75
0.55,72,21.6,38,30,34.4,73
0.79,71,24.3,29,34,33.8,75
0.68,78,34.1,21,35.2,33.4,78
0.57,77,44.9,28,31.8,33.5,76
0.62,79,76.4,28,39,33.2,80
0.57,85,112.8,26,31.8,31.8,78
0.81,80,156.1,32,34,32.6,79
0.84,90,57.5,36,31,27,84
0.55,79,30.6,31,27.4,33.4,76
0.51,79,22.7,53,34.4,33.1,78
0.46,64,21.8,74,41.1,35,78
0.42,68,22.3,34,39.3,34.2,79
0.45,67,23.4,38,16.7,35.2,76
0.86,70,27.7,35,18.6,32.8,78
0.86,72,30.2,38,20.1,34,75
0.59,77,0.3,36,24,33.3,76
0.61,84,36.4,42,16.9,32.4,78
0.68,77,101.1,36,16.2,33.6,77
0.68,78,143,46,19.6,32.8,79
0.87,78,103.6,42,12.8,34.2,80
0.87,76,33.2,43,11.8,33.4,82
0.87,78,24.3,35,18.2,32.8,76
0.59,78,21.8,30,17.4,31.4,75
0.48,91,21.9,34,15.3,28,78
0.56,84,23,35,18.3,32.2,76
0.89,82,8.9,32,16.2,31.6,78
0.65,90,0.1,39,17,31.6,79
0.9,84,1.5,32,24,29.8,73
0.63,74,5.5,34,15,33.7,78
0.72,76,1.2,31,15,33.4,76
0.81,72,0.9,27,15,32.7,78
0.53,87,4.1,34,18,31.6,79
0.69,89,4.1,41,16,31.8,75
0.7,85,4.1,39,26,31.2,74
0.81,89,4.3,39,20,28.4,78
0.7,86,4.4,46,24,31,76
0.52,87,4.1,50,20,32.6,79
1.06,77,4.1,54,19,32.7,80
0.98,81,4.3,39,12,32.2,82
0.52,77,4.3,35,13,32.6,73
0.48,82,4.5,43,18,32,76
0.47,81,4,29,16,31.6,75
1.1,79,4.1,26,27,31.6,74
0.89,86,4.1,38,26,31.6,78
0.77,85,4.4,42,29,31.1,76
0.66,90,4.4,39,27,29,79
1.11,87,4.1,36,15,29.6,80
0.77,76,4.1,51,16,33.6,81
0.98,74,4.1,32,22,32.6,80
1.38,72,4.3,31,14,32.6,82
1.14,75,4.1,35,12.6,32.8,80
0.73,73,4.1,34,12.2,32.7,83
0.55,70,4.6,35,12.6,32.6,79
0.71,73,4.1,48,12.4,31.6,78
0.64,77,4.1,43,17.8,32.8,74
0.58,73,4.4,47,14,30.9,78
1.07,76,4.1,45,15.6,32,76
0.78,78,4.5,47,16,31.6,77
0.71,74,4.1,42,18.8,32.6,75
0.69,71,4,48,14.4,34,78
0.73,71,4.1,35,12.7,34.6,79
0.93,70,4.4,45,13.4,34.1,78
0.88,72,4,34,11.3,33.8,76
0.8,78,4.1,40,13.1,32.9,78
0.58,75,4.1,46,13.9,34.2,79
0.49,78,4,49,16.6,31.8,75
0.53,75,4,45,15.7,33.8,78
0.81,83,4,45,18,32.5,78
0.72,84,4,47,24,31,79
0.66,78,4,81,20,32.4,76
0.56,83,4,111,18,33.6,76
0.44,87,4,91,17,31.1,78
0.41,79,4,59,24,31.2,78
0.8,80,4,18,25,29,79
1.18,77,4,23,29.4,32,74
0.88,85,4,33,25.5,32.6,76
0.82,81,4,33,27.8,33.2,75
0.68,71,4,26,19,32.8,78
1.01,77,4,28,31,33,79
0.52,84,4,43,25,32.2,78
0.45,79,4,44,27,32.6,76
0.63,84,4,36,19,30.8,78
0.85,75,4,34,15,33.8,79
0.75,72,4.1,37,23,34.6,76
0.82,78,4,33,14,33.2,78
0.56,83,4,38,17,31.8,75
0.47,78,4.1,48,18,33.6,78
0.47,81,4,45,21,33,78
0.89,79,4,38,14,31.4,79
0.75,81,4.5,47,31,32.8,78
0.63,80,4.1,38,17,33.4,76
0.74,86,4.3,29,21,31.8,5
0.57,79,4.4,21,33.6,31.6,76
0.87,86,4.6,28,20.9,29.6,78
0.85,93,4,28,33.5,28,76
0.68,88,4,26,11.2,28.9,78
0.82,86,4,32,15.79,30.4,75
0.97,93,4.4,36,13.91,27.8,79
0.48,89,4,31,17.85,31,76
0.32,83,4.5,53,23.09,32.4,78
0.42,94,4,74,24.86,26.4,79
0.45,80,4,34,20.46,31,76
0.66,80,4,38,22.47,32.8,75
0.6,88,4,35,20.09,28.2,78
0.56,91,4.2,38,23.17,28,76
0.56,76,4,36,16.32,32.5,78
0.51,94,4.6,42,12.29,26.6,79
0.56,79,4,36,12,30.6,76
0.6,76,4.1,46,16,32.2,78
0.59,80,4,42,12,32,75
0.55,90,4,43,23,31.6,76
0.42,85,4,35,17,31.6,78
0.54,82,4,30,18,28.4,79
0.74,73,4,34,11,31,80
0.59,73,3.9,35,9,33,82
0.56,86,4,32,29,33,83
0.63,74,4.1,39,16,33.4,78
0.52,71,4.1,32,9,32.6,79
0.41,94,4,32,5,25.8,76
0.51,79,4.3,52,5,30.8,75
0.54,79,4,42,8,32.2,74
1.04,87,4,31,14,29.6,78
0.77,82,4,32,11,29.6,79
0.75,79,4,37,26,30.8,76
0.46,82,4,24,28,30.4,78
0.63,81,4.6,29,21,32,79
0.47,84,4,30,20,30.8,79
0.41,83,4,32,23,30,80
0.47,92,4.2,37,21,28.6,76
0.63,89,4.1,42,20,28.2,75
0.43,73,4,41,23,33,78
0.47,83,4.6,15.79,22,31.6,79
0.68,80,4,13.91,28,31.2,76
0.55,81,4,17.85,22,31.2,78
0.48,75,4.2,23.09,23,32.8,76
0.56,78,4,24.86,19.2,32.2,78
0.55,75,4,20.46,17.7,32.4,80
0.54,74,4,22.47,19.6,32.8,81
0.55,73,4,20.09,15.4,33.2,82
0.52,76,4,23.17,23,31.2,84
0.45,74,4,16.32,15.6,31.6,80
0.75,69,4.1,12.29,20.4,31.8,79
0.71,71,4,12,17.5,31.8,76
